metric,baseline,finetuned,change,change_pct
dq_robust_1pct,0.7813504823151123,0.6377358490566037,-0.14361463325850854,-18.380309030204188
dq_robust_5pct,0.7974276527331191,0.6377358490566037,-0.15969180367651536,-20.02586731588559
mape,10.216753879708289,0.47797897706028986,9.738774902647998,95.32161601729867
mae,134.38483839809538,291.76400758081365,-157.37916918271827,-117.11080733416188
literal_acc,0.3705787781350481,0.43553459119496846,0.06495581305992038,17.528206387536006
dq_note_coverage,1.0,1.0,0.0,0.0
