metric,baseline,finetuned,change,change_pct
dq_robust_1pct,0.7813504823151123,0.726027397260274,-0.055323085054838295,-7.080444218952557
dq_robust_5pct,0.7974276527331191,0.7294520547945206,-0.06797559793859853,-8.524359257622637
mape,10.216753879708289,0.3271567536978495,9.88959712601044,96.79784051226268
mae,134.38483839809538,271.55340870633205,-137.16857030823667,-102.07146278056672
literal_acc,0.3705787781350481,0.42465753424657543,0.05407875611152735,14.593052625323221
dq_note_coverage,1.0,1.0,0.0,0.0
