metric,baseline,finetuned,change,change_pct
dq_robust_1pct,0.7813504823151123,0.602006688963211,-0.17934379335190131,-22.953053387835936
dq_robust_5pct,0.7974276527331191,0.602006688963211,-0.19542096376990814,-24.506419246952184
mape,10.216753879708289,0.3925616251703209,9.824192254537968,96.15766778966854
mae,134.38483839809538,203.5112306722893,-69.1263922741939,-51.43913040950133
literal_acc,0.3705787781350481,0.36371237458193983,-0.006866403553108247,-1.8528863384092542
dq_note_coverage,1.0,1.0,0.0,0.0
