model,mean_latency,median_latency,min_latency,max_latency
Baseline,19.106824925999945,19.106824925999945,19.106824925999945,19.106824925999945
Fine-Tuned (500),11.760525560433368,11.800787849166984,7.017604118000236,24.08176209800058
